{
  "dataset": "pamap2",
  "calibration_metrics": {
    "ece": 0.051360819911032175,
    "nll": 0.3410637676715851,
    "bins": [
      0.1,
      0.2,
      0.30000000000000004,
      0.4,
      0.5,
      0.6000000000000001,
      0.7000000000000001,
      0.8,
      0.9,
      1.0
    ],
    "accuracy_per_bin": [
      null,
      null,
      null,
      0.0,
      0.5217391304347826,
      0.4396551724137931,
      0.512,
      0.5466666666666666,
      0.6535087719298246,
      0.9540627610070397
    ]
  }
}