{
  "dataset": "pamap2",
  "fusion_type": "early",
  "test_accuracy": 0.930747926235199,
  "test_f1_macro": 0.8494852212421223,
  "test_loss": 0.2699035563812239,
  "ece": 0.0426776150488127
}